[
  {
    "hospital": "The Royal London Hospital",
    "trust": "Barts Health NHS Trust",
    "address": "Whitechapel Road, Whitechapel, London",
    "postcode": "E1 1FR"
  },
  {
    "hospital": "St Bartholomew's Hospital",
    "trust": "Barts Health NHS Trust",
    "address": "West Smithfield, London",
    "postcode": "EC1A 7BE"
  },
  {
    "hospital": "Whipps Cross University Hospital",
    "trust": "Barts Health NHS Trust",
    "address": "Whipps Cross Road, Leytonstone, London",
    "postcode": "E11 1NR"
  },
  {
    "hospital": "Newham University Hospital",
    "trust": "Barts Health NHS Trust",
    "address": "Glen Road, Plaistow, London",
    "postcode": "E13 8SL"
  },
  {
    "hospital": "Guy's Hospital",
    "trust": "Guy's and St Thomas' NHS Foundation Trust",
    "address": "Great Maze Pond, London",
    "postcode": "SE1 9RT"
  },
  {
    "hospital": "St Thomas' Hospital",
    "trust": "Guy's and St Thomas' NHS Foundation Trust",
    "address": "Westminster Bridge Road, London",
    "postcode": "SE1 7EH"
  },
  {
    "hospital": "King's College Hospital",
    "trust": "King's College Hospital NHS Foundation Trust",
    "address": "Denmark Hill, London",
    "postcode": "SE5 9RS"
  },
  {
    "hospital": "Princess Royal University Hospital",
    "trust": "King's College Hospital NHS Foundation Trust",
    "address": "Farnborough Common, Orpington",
    "postcode": "BR6 8ND"
  },
  {
    "hospital": "University College Hospital",
    "trust": "University College London Hospitals NHS Foundation Trust",
    "address": "235 Euston Road, London",
    "postcode": "NW1 2BU"
  },
  {
    "hospital": "Royal Free Hospital",
    "trust": "Royal Free London NHS Foundation Trust",
    "address": "Pond Street, Hampstead, London",
    "postcode": "NW3 2QG"
  },
  {
    "hospital": "Barnet Hospital",
    "trust": "Royal Free London NHS Foundation Trust",
    "address": "Wellhouse Lane, Barnet",
    "postcode": "EN5 3DJ"
  },
  {
    "hospital": "Chase Farm Hospital",
    "trust": "Royal Free London NHS Foundation Trust",
    "address": "The Ridgeway, Enfield",
    "postcode": "EN2 8JL"
  },
  {
    "hospital": "North Middlesex University Hospital",
    "trust": "Royal Free London NHS Foundation Trust",
    "address": "Sterling Way, Edmonton, London",
    "postcode": "N18 1QX"
  },
  {
    "hospital": "Charing Cross Hospital",
    "trust": "Imperial College Healthcare NHS Trust",
    "address": "Fulham Palace Road, London",
    "postcode": "W6 8RF"
  },
  {
    "hospital": "Hammersmith Hospital",
    "trust": "Imperial College Healthcare NHS Trust",
    "address": "Du Cane Road, London",
    "postcode": "W12 0HS"
  },
  {
    "hospital": "St Mary's Hospital",
    "trust": "Imperial College Healthcare NHS Trust",
    "address": "Praed Street, Paddington, London",
    "postcode": "W2 1NY"
  },
  {
    "hospital": "Western Eye Hospital",
    "trust": "Imperial College Healthcare NHS Trust",
    "address": "Marylebone Road, London",
    "postcode": "NW1 5QH"
  },
  {
    "hospital": "St George's Hospital",
    "trust": "St George's University Hospitals NHS Foundation Trust",
    "address": "Blackshaw Road, Tooting, London",
    "postcode": "SW17 0QT"
  },
  {
    "hospital": "Chelsea & Westminster Hospital",
    "trust": "Chelsea and Westminster Hospital NHS Foundation Trust",
    "address": "369 Fulham Road, Chelsea, London",
    "postcode": "SW10 9NH"
  },
  {
    "hospital": "West Middlesex University Hospital",
    "trust": "Chelsea and Westminster Hospital NHS Foundation Trust",
    "address": "Twickenham Road, Isleworth",
    "postcode": "TW7 6AF"
  },
  {
    "hospital": "University Hospital Lewisham",
    "trust": "Lewisham and Greenwich NHS Trust",
    "address": "Lewisham High Street, Lewisham, London",
    "postcode": "SE13 6LH"
  },
  {
    "hospital": "Queen Elizabeth Hospital",
    "trust": "Lewisham and Greenwich NHS Trust",
    "address": "Stadium Road, Woolwich, London",
    "postcode": "SE18 4QH"
  },
  {
    "hospital": "Central Middlesex Hospital",
    "trust": "London North West University Healthcare NHS Trust",
    "address": "Acton Lane, Park Royal, London",
    "postcode": "NW10 7NS"
  },
  {
    "hospital": "Northwick Park Hospital",
    "trust": "London North West University Healthcare NHS Trust",
    "address": "Watford Road, Harrow",
    "postcode": "HA1 3UJ"
  },
  {
    "hospital": "Ealing Hospital",
    "trust": "London North West University Healthcare NHS Trust",
    "address": "Uxbridge Road, Southall",
    "postcode": "UB1 3HW"
  },
  {
    "hospital": "Hillingdon Hospital",
    "trust": "The Hillingdon Hospitals NHS Foundation Trust",
    "address": "Pield Heath Road, Hillingdon",
    "postcode": "UB8 3NN"
  },
  {
    "hospital": "Mount Vernon Hospital",
    "trust": "The Hillingdon Hospitals NHS Foundation Trust",
    "address": "Rickmansworth Road, Northwood",
    "postcode": "HA6 2RN"
  },
  {
    "hospital": "The Royal Marsden Hospital (Chelsea)",
    "trust": "The Royal Marsden NHS Foundation Trust",
    "address": "Fulham Road, London",
    "postcode": "SW3 6JJ"
  },
  {
    "hospital": "The Royal Marsden Hospital (Sutton)",
    "trust": "The Royal Marsden NHS Foundation Trust",
    "address": "Downs Road, Sutton",
    "postcode": "SM2 5PT"
  },
  {
    "hospital": "Moorfields Eye Hospital",
    "trust": "Moorfields Eye Hospital NHS Foundation Trust",
    "address": "162 City Road, London",
    "postcode": "EC1V 2PD"
  },
  {
    "hospital": "Great Ormond Street Hospital",
    "trust": "Great Ormond Street Hospital for Children NHS Foundation Trust",
    "address": "Great Ormond Street, London",
    "postcode": "WC1N 3JH"
  },
  {
    "hospital": "Queen's Hospital (Romford)",
    "trust": "Barking, Havering and Redbridge University Hospitals NHS Trust",
    "address": "Rom Valley Way, Romford",
    "postcode": "RM7 0AG"
  },
  {
    "hospital": "King George Hospital",
    "trust": "Barking, Havering and Redbridge University Hospitals NHS Trust",
    "address": "Barley Lane, Goodmayes, Ilford",
    "postcode": "IG3 8YB"
  },
  {
    "hospital": "Croydon University Hospital",
    "trust": "Croydon Health Services NHS Trust",
    "address": "530 London Road, Croydon",
    "postcode": "CR7 7YE"
  },
  {
    "hospital": "Epsom Hospital",
    "trust": "Epsom and St Helier University Hospitals NHS Trust",
    "address": "Dorking Road, Epsom",
    "postcode": "KT18 7EG"
  },
  {
    "hospital": "St Helier Hospital",
    "trust": "Epsom and St Helier University Hospitals NHS Trust",
    "address": "Wrythe Lane, Carshalton",
    "postcode": "SM5 1AA"
  },
  {
    "hospital": "Kingston Hospital",
    "trust": "Kingston Hospital NHS Foundation Trust",
    "address": "Galsworthy Road, Kingston upon Thames",
    "postcode": "KT2 7QB"
  },
  {
    "hospital": "St George's Hospital (Tooting)",
    "trust": "St George's University Hospitals NHS Foundation Trust",
    "address": "Blackshaw Road, London",
    "postcode": "SW17 0QT"
  },
  {
    "hospital": "Manchester Royal Infirmary",
    "trust": "Manchester University NHS Foundation Trust",
    "address": "Oxford Road, Manchester",
    "postcode": "M13 9WL"
  },
  {
    "hospital": "Wythenshawe Hospital",
    "trust": "Manchester University NHS Foundation Trust",
    "address": "Southmoor Road, Manchester",
    "postcode": "M23 9LT"
  },
  {
    "hospital": "Royal Manchester Children's Hospital",
    "trust": "Manchester University NHS Foundation Trust",
    "address": "Oxford Road, Manchester",
    "postcode": "M13 9WL"
  },
  {
    "hospital": "St Mary's Hospital (Manchester)",
    "trust": "Manchester University NHS Foundation Trust",
    "address": "Oxford Road, Manchester",
    "postcode": "M13 9WL"
  },
  {
    "hospital": "Manchester Royal Eye Hospital",
    "trust": "Manchester University NHS Foundation Trust",
    "address": "Oxford Road, Manchester",
    "postcode": "M13 9WH"
  },
  {
    "hospital": "Salford Royal Hospital",
    "trust": "Northern Care Alliance NHS Foundation Trust",
    "address": "Stott Lane, Salford",
    "postcode": "M6 8HD"
  },
  {
    "hospital": "Royal Oldham Hospital",
    "trust": "Northern Care Alliance NHS Foundation Trust",
    "address": "Rochdale Road, Oldham",
    "postcode": "OL1 2JH"
  },
  {
    "hospital": "The Christie",
    "trust": "The Christie NHS Foundation Trust",
    "address": "Wilmslow Road, Manchester",
    "postcode": "M20 4BX"
  },
  {
    "hospital": "Stepping Hill Hospital",
    "trust": "Stockport NHS Foundation Trust",
    "address": "Poplar Grove, Stockport",
    "postcode": "SK2 7JE"
  },
  {
    "hospital": "Tameside General Hospital",
    "trust": "Tameside and Glossop Integrated Care NHS Foundation Trust",
    "address": "Fountain Street, Ashton-under-Lyne",
    "postcode": "OL6 9RW"
  },
  {
    "hospital": "Royal Bolton Hospital",
    "trust": "Bolton NHS Foundation Trust",
    "address": "Minerva Road, Farnworth, Bolton",
    "postcode": "BL4 0JR"
  },
  {
    "hospital": "Royal Albert Edward Infirmary",
    "trust": "Wrightington, Wigan and Leigh NHS Foundation Trust",
    "address": "Wigan Lane, Wigan",
    "postcode": "WN1 2NN"
  },
  {
    "hospital": "Wrightington Hospital",
    "trust": "Wrightington, Wigan and Leigh NHS Foundation Trust",
    "address": "Hall Lane, Appley Bridge, Wigan",
    "postcode": "WN6 9EP"
  },
  {
    "hospital": "Birmingham Heartlands Hospital",
    "trust": "University Hospitals Birmingham NHS Foundation Trust",
    "address": "Bordesley Green East, Birmingham",
    "postcode": "B9 5SS"
  },
  {
    "hospital": "Queen Elizabeth Hospital Birmingham",
    "trust": "University Hospitals Birmingham NHS Foundation Trust",
    "address": "Mindelsohn Way, Edgbaston, Birmingham",
    "postcode": "B15 2GW"
  },
  {
    "hospital": "Good Hope Hospital",
    "trust": "University Hospitals Birmingham NHS Foundation Trust",
    "address": "Rectory Road, Sutton Coldfield",
    "postcode": "B75 7RR"
  },
  {
    "hospital": "Solihull Hospital",
    "trust": "University Hospitals Birmingham NHS Foundation Trust",
    "address": "Lode Lane, Solihull",
    "postcode": "B91 2JL"
  },
  {
    "hospital": "Birmingham Children's Hospital",
    "trust": "Birmingham Women's and Children's NHS Foundation Trust",
    "address": "Steelhouse Lane, Birmingham",
    "postcode": "B4 6NH"
  },
  {
    "hospital": "Birmingham Women's Hospital",
    "trust": "Birmingham Women's and Children's NHS Foundation Trust",
    "address": "Mindelsohn Way, Edgbaston, Birmingham",
    "postcode": "B15 2TG"
  },
  {
    "hospital": "City Hospital (Birmingham)",
    "trust": "Sandwell and West Birmingham NHS Trust",
    "address": "Dudley Road, Birmingham",
    "postcode": "B18 7QH"
  },
  {
    "hospital": "Sandwell General Hospital",
    "trust": "Sandwell and West Birmingham NHS Trust",
    "address": "Lyndon, West Bromwich",
    "postcode": "B71 4HJ"
  },
  {
    "hospital": "New Cross Hospital",
    "trust": "The Royal Wolverhampton NHS Trust",
    "address": "Wednesfield Road, Wolverhampton",
    "postcode": "WV10 0QP"
  },
  {
    "hospital": "Royal Stoke University Hospital",
    "trust": "University Hospitals of North Midlands NHS Trust",
    "address": "Newcastle Road, Stoke-on-Trent",
    "postcode": "ST4 6QG"
  },
  {
    "hospital": "County Hospital (Stafford)",
    "trust": "University Hospitals of North Midlands NHS Trust",
    "address": "Weston Road, Stafford",
    "postcode": "ST16 3SA"
  },
  {
    "hospital": "Russell's Hall Hospital",
    "trust": "The Dudley Group NHS Foundation Trust",
    "address": "Pensnett Road, Dudley",
    "postcode": "DY1 2HQ"
  },
  {
    "hospital": "Manor Hospital (Walsall)",
    "trust": "Walsall Healthcare NHS Trust",
    "address": "Moat Road, Walsall",
    "postcode": "WS2 9PS"
  },
  {
    "hospital": "George Eliot Hospital",
    "trust": "George Eliot Hospital NHS Trust",
    "address": "College Street, Nuneaton",
    "postcode": "CV10 7DJ"
  },
  {
    "hospital": "University Hospital Coventry",
    "trust": "University Hospitals Coventry and Warwickshire NHS Trust",
    "address": "Clifford Bridge Road, Coventry",
    "postcode": "CV2 2DX"
  },
  {
    "hospital": "Warwick Hospital",
    "trust": "South Warwickshire NHS Foundation Trust",
    "address": "Lakin Road, Warwick",
    "postcode": "CV34 5BW"
  },
  {
    "hospital": "Leeds General Infirmary",
    "trust": "Leeds Teaching Hospitals NHS Trust",
    "address": "Great George Street, Leeds",
    "postcode": "LS1 3EX"
  },
  {
    "hospital": "St James's University Hospital",
    "trust": "Leeds Teaching Hospitals NHS Trust",
    "address": "Beckett Street, Leeds",
    "postcode": "LS9 7TF"
  },
  {
    "hospital": "Chapel Allerton Hospital",
    "trust": "Leeds Teaching Hospitals NHS Trust",
    "address": "Chapeltown Road, Leeds",
    "postcode": "LS7 4SA"
  },
  {
    "hospital": "Bradford Royal Infirmary",
    "trust": "Bradford Teaching Hospitals NHS Foundation Trust",
    "address": "Duckworth Lane, Bradford",
    "postcode": "BD9 6RJ"
  },
  {
    "hospital": "Airedale General Hospital",
    "trust": "Airedale NHS Foundation Trust",
    "address": "Skipton Road, Steeton, Keighley",
    "postcode": "BD20 6TD"
  },
  {
    "hospital": "Calderdale Royal Hospital",
    "trust": "Calderdale and Huddersfield NHS Foundation Trust",
    "address": "Salterhebble, Halifax",
    "postcode": "HX3 0PW"
  },
  {
    "hospital": "Huddersfield Royal Infirmary",
    "trust": "Calderdale and Huddersfield NHS Foundation Trust",
    "address": "Lindley, Huddersfield",
    "postcode": "HD3 3EA"
  },
  {
    "hospital": "Pinderfields Hospital",
    "trust": "Mid Yorkshire Teaching NHS Trust",
    "address": "Aberford Road, Wakefield",
    "postcode": "WF1 4DG"
  },
  {
    "hospital": "Pontefract Hospital",
    "trust": "Mid Yorkshire Teaching NHS Trust",
    "address": "Friarwood Lane, Pontefract",
    "postcode": "WF8 1PL"
  },
  {
    "hospital": "Dewsbury and District Hospital",
    "trust": "Mid Yorkshire Teaching NHS Trust",
    "address": "Halifax Road, Dewsbury",
    "postcode": "WF13 4HS"
  },
  {
    "hospital": "Barnsley Hospital",
    "trust": "Barnsley Hospital NHS Foundation Trust",
    "address": "Gawber Road, Barnsley",
    "postcode": "S75 2EP"
  },
  {
    "hospital": "Rotherham Hospital",
    "trust": "The Rotherham NHS Foundation Trust",
    "address": "Moorgate Road, Rotherham",
    "postcode": "S60 2UD"
  },
  {
    "hospital": "Doncaster Royal Infirmary",
    "trust": "Doncaster and Bassetlaw Teaching Hospitals NHS Foundation Trust",
    "address": "Armthorpe Road, Doncaster",
    "postcode": "DN2 5LT"
  },
  {
    "hospital": "Bassetlaw Hospital",
    "trust": "Doncaster and Bassetlaw Teaching Hospitals NHS Foundation Trust",
    "address": "Kilton Hill, Worksop",
    "postcode": "S81 0BD"
  },
  {
    "hospital": "Northern General Hospital",
    "trust": "Sheffield Teaching Hospitals NHS Foundation Trust",
    "address": "Herries Road, Sheffield",
    "postcode": "S5 7AU"
  },
  {
    "hospital": "Royal Hallamshire Hospital",
    "trust": "Sheffield Teaching Hospitals NHS Foundation Trust",
    "address": "Glossop Road, Sheffield",
    "postcode": "S10 2JF"
  },
  {
    "hospital": "Weston Park Hospital",
    "trust": "Sheffield Teaching Hospitals NHS Foundation Trust",
    "address": "Whitham Road, Sheffield",
    "postcode": "S10 2SJ"
  },
  {
    "hospital": "Sheffield Children's Hospital",
    "trust": "Sheffield Children's NHS Foundation Trust",
    "address": "Western Bank, Sheffield",
    "postcode": "S10 2TH"
  },
  {
    "hospital": "Royal Liverpool University Hospital",
    "trust": "Liverpool University Hospitals NHS Foundation Trust",
    "address": "Prescot Street, Liverpool",
    "postcode": "L7 8XP"
  },
  {
    "hospital": "Aintree University Hospital",
    "trust": "Liverpool University Hospitals NHS Foundation Trust",
    "address": "Longmoor Lane, Liverpool",
    "postcode": "L9 7AL"
  },
  {
    "hospital": "Broadgreen Hospital",
    "trust": "Liverpool University Hospitals NHS Foundation Trust",
    "address": "Thomas Drive, Liverpool",
    "postcode": "L14 3LB"
  },
  {
    "hospital": "Alder Hey Children's Hospital",
    "trust": "Alder Hey Children's NHS Foundation Trust",
    "address": "East Prescot Road, Liverpool",
    "postcode": "L14 5AB"
  },
  {
    "hospital": "Liverpool Heart and Chest Hospital",
    "trust": "Liverpool Heart and Chest Hospital NHS Foundation Trust",
    "address": "Thomas Drive, Liverpool",
    "postcode": "L14 3PE"
  },
  {
    "hospital": "Arrowe Park Hospital",
    "trust": "Wirral University Teaching Hospital NHS Foundation Trust",
    "address": "Arrowe Park Road, Upton, Wirral",
    "postcode": "CH49 5PE"
  },
  {
    "hospital": "Whiston Hospital",
    "trust": "St Helens and Knowsley Teaching Hospitals NHS Trust",
    "address": "Warrington Road, Prescot",
    "postcode": "L35 5DR"
  },
  {
    "hospital": "St Helens Hospital",
    "trust": "St Helens and Knowsley Teaching Hospitals NHS Trust",
    "address": "Marshalls Cross Road, St Helens",
    "postcode": "WA9 3DA"
  },
  {
    "hospital": "Southport and Formby District General Hospital",
    "trust": "Southport and Ormskirk Hospital NHS Trust",
    "address": "Town Lane, Kew, Southport",
    "postcode": "PR8 6PN"
  },
  {
    "hospital": "Ormskirk District General Hospital",
    "trust": "Southport and Ormskirk Hospital NHS Trust",
    "address": "Wigan Road, Ormskirk",
    "postcode": "L39 2AZ"
  },
  {
    "hospital": "Warrington Hospital",
    "trust": "Warrington and Halton Teaching Hospitals NHS Foundation Trust",
    "address": "Lovely Lane, Warrington",
    "postcode": "WA5 1QG"
  },
  {
    "hospital": "Royal Preston Hospital",
    "trust": "Lancashire Teaching Hospitals NHS Foundation Trust",
    "address": "Sharoe Green Lane, Preston",
    "postcode": "PR2 9HT"
  },
  {
    "hospital": "Chorley and South Ribble Hospital",
    "trust": "Lancashire Teaching Hospitals NHS Foundation Trust",
    "address": "Preston Road, Chorley",
    "postcode": "PR7 1PP"
  },
  {
    "hospital": "Royal Blackburn Teaching Hospital",
    "trust": "East Lancashire Hospitals NHS Trust",
    "address": "Haslingden Road, Blackburn",
    "postcode": "BB2 3HH"
  },
  {
    "hospital": "Burnley General Teaching Hospital",
    "trust": "East Lancashire Hospitals NHS Trust",
    "address": "Casterton Avenue, Burnley",
    "postcode": "BB10 2PQ"
  },
  {
    "hospital": "Royal Lancaster Infirmary",
    "trust": "University Hospitals of Morecambe Bay NHS Foundation Trust",
    "address": "Ashton Road, Lancaster",
    "postcode": "LA1 4RP"
  },
  {
    "hospital": "Furness General Hospital",
    "trust": "University Hospitals of Morecambe Bay NHS Foundation Trust",
    "address": "Dalton Lane, Barrow-in-Furness",
    "postcode": "LA14 4LF"
  },
  {
    "hospital": "Royal Victoria Infirmary",
    "trust": "The Newcastle upon Tyne Hospitals NHS Foundation Trust",
    "address": "Queen Victoria Road, Newcastle upon Tyne",
    "postcode": "NE1 4LP"
  },
  {
    "hospital": "Freeman Hospital",
    "trust": "The Newcastle upon Tyne Hospitals NHS Foundation Trust",
    "address": "Freeman Road, High Heaton, Newcastle upon Tyne",
    "postcode": "NE7 7DN"
  },
  {
    "hospital": "Great North Children's Hospital",
    "trust": "The Newcastle upon Tyne Hospitals NHS Foundation Trust",
    "address": "Queen Victoria Road, Newcastle upon Tyne",
    "postcode": "NE1 4LP"
  },
  {
    "hospital": "North Tyneside General Hospital",
    "trust": "Northumbria Healthcare NHS Foundation Trust",
    "address": "Rake Lane, North Shields",
    "postcode": "NE29 8NH"
  },
  {
    "hospital": "Wansbeck General Hospital",
    "trust": "Northumbria Healthcare NHS Foundation Trust",
    "address": "Woodhorn Lane, Ashington",
    "postcode": "NE63 9JJ"
  },
  {
    "hospital": "Hexham General Hospital",
    "trust": "Northumbria Healthcare NHS Foundation Trust",
    "address": "Corbridge Road, Hexham",
    "postcode": "NE46 1QJ"
  },
  {
    "hospital": "Sunderland Royal Hospital",
    "trust": "South Tyneside and Sunderland NHS Foundation Trust",
    "address": "Kayll Road, Sunderland",
    "postcode": "SR4 7TP"
  },
  {
    "hospital": "South Tyneside District Hospital",
    "trust": "South Tyneside and Sunderland NHS Foundation Trust",
    "address": "Harton Lane, South Shields",
    "postcode": "NE34 0PL"
  },
  {
    "hospital": "Queen Elizabeth Hospital (Gateshead)",
    "trust": "Gateshead Health NHS Foundation Trust",
    "address": "Sheriff Hill, Gateshead",
    "postcode": "NE9 6SX"
  },
  {
    "hospital": "University Hospital of North Durham",
    "trust": "County Durham and Darlington NHS Foundation Trust",
    "address": "North Road, Durham",
    "postcode": "DH1 5TW"
  },
  {
    "hospital": "Darlington Memorial Hospital",
    "trust": "County Durham and Darlington NHS Foundation Trust",
    "address": "Hollyhurst Road, Darlington",
    "postcode": "DL3 6HX"
  },
  {
    "hospital": "James Cook University Hospital",
    "trust": "South Tees Hospitals NHS Foundation Trust",
    "address": "Marton Road, Middlesbrough",
    "postcode": "TS4 3BW"
  },
  {
    "hospital": "Friarage Hospital",
    "trust": "South Tees Hospitals NHS Foundation Trust",
    "address": "Bullamoor Road, Northallerton",
    "postcode": "DL6 1JG"
  },
  {
    "hospital": "University Hospital of Hartlepool",
    "trust": "North Tees and Hartlepool NHS Foundation Trust",
    "address": "Holdforth Road, Hartlepool",
    "postcode": "TS24 9AH"
  },
  {
    "hospital": "University Hospital of North Tees",
    "trust": "North Tees and Hartlepool NHS Foundation Trust",
    "address": "Hardwick Road, Stockton-on-Tees",
    "postcode": "TS19 8PE"
  },
  {
    "hospital": "York Hospital",
    "trust": "York and Scarborough Teaching Hospitals NHS Foundation Trust",
    "address": "Wigginton Road, York",
    "postcode": "YO31 8HE"
  },
  {
    "hospital": "Scarborough Hospital",
    "trust": "York and Scarborough Teaching Hospitals NHS Foundation Trust",
    "address": "Woodlands Drive, Scarborough",
    "postcode": "YO12 6QL"
  },
  {
    "hospital": "Hull Royal Infirmary",
    "trust": "Hull University Teaching Hospitals NHS Trust",
    "address": "Anlaby Road, Hull",
    "postcode": "HU3 2JZ"
  },
  {
    "hospital": "Castle Hill Hospital",
    "trust": "Hull University Teaching Hospitals NHS Trust",
    "address": "Castle Road, Cottingham",
    "postcode": "HU16 5JQ"
  },
  {
    "hospital": "Addenbrooke's Hospital",
    "trust": "Cambridge University Hospitals NHS Foundation Trust",
    "address": "Hills Road, Cambridge",
    "postcode": "CB2 0QQ"
  },
  {
    "hospital": "Royal Papworth Hospital",
    "trust": "Royal Papworth Hospital NHS Foundation Trust",
    "address": "Papworth Road, Cambridge",
    "postcode": "CB2 0AY"
  },
  {
    "hospital": "Queen Elizabeth Hospital (King's Lynn)",
    "trust": "The Queen Elizabeth Hospital King's Lynn NHS Foundation Trust",
    "address": "Gayton Road, King's Lynn",
    "postcode": "PE30 4ET"
  },
  {
    "hospital": "James Paget University Hospital",
    "trust": "James Paget University Hospitals NHS Foundation Trust",
    "address": "Lowestoft Road, Gorleston, Great Yarmouth",
    "postcode": "NR31 6LA"
  },
  {
    "hospital": "Norfolk and Norwich University Hospital",
    "trust": "Norfolk and Norwich University Hospitals NHS Foundation Trust",
    "address": "Colney Lane, Norwich",
    "postcode": "NR4 7UY"
  },
  {
    "hospital": "Ipswich Hospital",
    "trust": "East Suffolk and North Essex NHS Foundation Trust",
    "address": "Heath Road, Ipswich",
    "postcode": "IP4 5PD"
  },
  {
    "hospital": "Colchester Hospital",
    "trust": "East Suffolk and North Essex NHS Foundation Trust",
    "address": "Turner Road, Colchester",
    "postcode": "CO4 5JL"
  },
  {
    "hospital": "West Suffolk Hospital",
    "trust": "West Suffolk NHS Foundation Trust",
    "address": "Hardwick Lane, Bury St Edmunds",
    "postcode": "IP33 2QZ"
  },
  {
    "hospital": "Peterborough City Hospital",
    "trust": "North West Anglia NHS Foundation Trust",
    "address": "Edith Cavell Campus, Bretton Gate, Peterborough",
    "postcode": "PE3 9GZ"
  },
  {
    "hospital": "Hinchingbrooke Hospital",
    "trust": "North West Anglia NHS Foundation Trust",
    "address": "Hinchingbrooke Park, Huntingdon",
    "postcode": "PE29 6NT"
  },
  {
    "hospital": "Stamford and Rutland Hospital",
    "trust": "North West Anglia NHS Foundation Trust",
    "address": "Ryhall Road, Stamford",
    "postcode": "PE9 1UA"
  },
  {
    "hospital": "Luton and Dunstable University Hospital",
    "trust": "Bedfordshire Hospitals NHS Foundation Trust",
    "address": "Lewsey Road, Luton",
    "postcode": "LU4 0DZ"
  },
  {
    "hospital": "Bedford Hospital",
    "trust": "Bedfordshire Hospitals NHS Foundation Trust",
    "address": "Kempston Road, Bedford",
    "postcode": "MK42 9DJ"
  },
  {
    "hospital": "Lister Hospital",
    "trust": "East and North Hertfordshire NHS Trust",
    "address": "Coreys Mill Lane, Stevenage",
    "postcode": "SG1 4AB"
  },
  {
    "hospital": "Queen Elizabeth II Hospital (Welwyn Garden City)",
    "trust": "East and North Hertfordshire NHS Trust",
    "address": "Howlands, Welwyn Garden City",
    "postcode": "AL7 4HQ"
  },
  {
    "hospital": "Watford General Hospital",
    "trust": "West Hertfordshire Teaching Hospitals NHS Trust",
    "address": "Vicarage Road, Watford",
    "postcode": "WD18 0HB"
  },
  {
    "hospital": "St Albans City Hospital",
    "trust": "West Hertfordshire Teaching Hospitals NHS Trust",
    "address": "Waverley Road, St Albans",
    "postcode": "AL3 5PN"
  },
  {
    "hospital": "Hemel Hempstead Hospital",
    "trust": "West Hertfordshire Teaching Hospitals NHS Trust",
    "address": "Hillfield Road, Hemel Hempstead",
    "postcode": "HP2 4AD"
  },
  {
    "hospital": "Milton Keynes University Hospital",
    "trust": "Milton Keynes University Hospital NHS Foundation Trust",
    "address": "Standing Way, Eaglestone, Milton Keynes",
    "postcode": "MK6 5LD"
  },
  {
    "hospital": "Northampton General Hospital",
    "trust": "Northampton General Hospital NHS Trust",
    "address": "Cliftonville, Northampton",
    "postcode": "NN1 5BD"
  },
  {
    "hospital": "Kettering General Hospital",
    "trust": "Kettering General Hospital NHS Foundation Trust",
    "address": "Rothwell Road, Kettering",
    "postcode": "NN16 8UZ"
  },
  {
    "hospital": "John Radcliffe Hospital",
    "trust": "Oxford University Hospitals NHS Foundation Trust",
    "address": "Headley Way, Headington, Oxford",
    "postcode": "OX3 9DU"
  },
  {
    "hospital": "Churchill Hospital",
    "trust": "Oxford University Hospitals NHS Foundation Trust",
    "address": "Old Road, Headington, Oxford",
    "postcode": "OX3 7LE"
  },
  {
    "hospital": "Nuffield Orthopaedic Centre",
    "trust": "Oxford University Hospitals NHS Foundation Trust",
    "address": "Windmill Road, Headington, Oxford",
    "postcode": "OX3 7HE"
  },
  {
    "hospital": "Horton General Hospital",
    "trust": "Oxford University Hospitals NHS Foundation Trust",
    "address": "Oxford Road, Banbury",
    "postcode": "OX16 9AL"
  },
  {
    "hospital": "Stoke Mandeville Hospital",
    "trust": "Buckinghamshire Healthcare NHS Trust",
    "address": "Mandeville Road, Aylesbury",
    "postcode": "HP21 8AL"
  },
  {
    "hospital": "Wycombe Hospital",
    "trust": "Buckinghamshire Healthcare NHS Trust",
    "address": "Queen Alexandra Road, High Wycombe",
    "postcode": "HP11 2TT"
  },
  {
    "hospital": "Royal Berkshire Hospital",
    "trust": "Royal Berkshire NHS Foundation Trust",
    "address": "London Road, Reading",
    "postcode": "RG1 5AN"
  },
  {
    "hospital": "Wexham Park Hospital",
    "trust": "Frimley Health NHS Foundation Trust",
    "address": "Wexham Street, Slough",
    "postcode": "SL2 4HL"
  },
  {
    "hospital": "Frimley Park Hospital",
    "trust": "Frimley Health NHS Foundation Trust",
    "address": "Portsmouth Road, Frimley, Camberley",
    "postcode": "GU16 7UJ"
  },
  {
    "hospital": "Heatherwood Hospital",
    "trust": "Frimley Health NHS Foundation Trust",
    "address": "London Road, Ascot",
    "postcode": "SL5 8AA"
  },
  {
    "hospital": "Southampton General Hospital",
    "trust": "University Hospital Southampton NHS Foundation Trust",
    "address": "Tremona Road, Southampton",
    "postcode": "SO16 6YD"
  },
  {
    "hospital": "Royal Hampshire County Hospital",
    "trust": "Hampshire Hospitals NHS Foundation Trust",
    "address": "Romsey Road, Winchester",
    "postcode": "SO22 5DG"
  },
  {
    "hospital": "Basingstoke and North Hampshire Hospital",
    "trust": "Hampshire Hospitals NHS Foundation Trust",
    "address": "Aldermaston Road, Basingstoke",
    "postcode": "RG24 9NA"
  },
  {
    "hospital": "Queen Alexandra Hospital (Portsmouth)",
    "trust": "Portsmouth Hospitals University NHS Trust",
    "address": "Southwick Hill Road, Portsmouth",
    "postcode": "PO6 3LY"
  },
  {
    "hospital": "St Mary's Hospital (Isle of Wight)",
    "trust": "Isle of Wight NHS Trust",
    "address": "Parkhurst Road, Newport",
    "postcode": "PO30 5TG"
  },
  {
    "hospital": "Royal Surrey County Hospital",
    "trust": "Royal Surrey NHS Foundation Trust",
    "address": "Egerton Road, Guildford",
    "postcode": "GU2 7XX"
  },
  {
    "hospital": "Frimley Park Hospital",
    "trust": "Frimley Health NHS Foundation Trust",
    "address": "Portsmouth Road, Frimley",
    "postcode": "GU16 7UJ"
  },
  {
    "hospital": "Ashford Hospital (Surrey)",
    "trust": "Ashford and St Peter's Hospitals NHS Foundation Trust",
    "address": "London Road, Ashford",
    "postcode": "TW15 3AA"
  },
  {
    "hospital": "St Peter's Hospital (Chertsey)",
    "trust": "Ashford and St Peter's Hospitals NHS Foundation Trust",
    "address": "Guildford Road, Chertsey",
    "postcode": "KT16 0PZ"
  },
  {
    "hospital": "East Surrey Hospital",
    "trust": "Surrey and Sussex Healthcare NHS Trust",
    "address": "Canada Avenue, Redhill",
    "postcode": "RH1 5RH"
  },
  {
    "hospital": "Crawley Hospital",
    "trust": "Surrey and Sussex Healthcare NHS Trust",
    "address": "West Green Drive, Crawley",
    "postcode": "RH11 7DH"
  },
  {
    "hospital": "Royal Sussex County Hospital",
    "trust": "University Hospitals Sussex NHS Foundation Trust",
    "address": "Eastern Road, Brighton",
    "postcode": "BN2 5BE"
  },
  {
    "hospital": "Princess Royal Hospital (Haywards Heath)",
    "trust": "University Hospitals Sussex NHS Foundation Trust",
    "address": "Lewes Road, Haywards Heath",
    "postcode": "RH16 4EX"
  },
  {
    "hospital": "Worthing Hospital",
    "trust": "University Hospitals Sussex NHS Foundation Trust",
    "address": "Lyndhurst Road, Worthing",
    "postcode": "BN11 2DH"
  },
  {
    "hospital": "St Richard's Hospital",
    "trust": "University Hospitals Sussex NHS Foundation Trust",
    "address": "Spitalfield Lane, Chichester",
    "postcode": "PO19 6SE"
  },
  {
    "hospital": "Conquest Hospital",
    "trust": "East Sussex Healthcare NHS Trust",
    "address": "The Ridge, St Leonards-on-Sea",
    "postcode": "TN37 7RD"
  },
  {
    "hospital": "Eastbourne District General Hospital",
    "trust": "East Sussex Healthcare NHS Trust",
    "address": "Kings Drive, Eastbourne",
    "postcode": "BN21 2UD"
  },
  {
    "hospital": "Tunbridge Wells Hospital",
    "trust": "Maidstone and Tunbridge Wells NHS Trust",
    "address": "Tonbridge Road, Pembury, Tunbridge Wells",
    "postcode": "TN2 4QJ"
  },
  {
    "hospital": "Maidstone Hospital",
    "trust": "Maidstone and Tunbridge Wells NHS Trust",
    "address": "Hermitage Lane, Barming, Maidstone",
    "postcode": "ME16 9QQ"
  },
  {
    "hospital": "Medway Maritime Hospital",
    "trust": "Medway NHS Foundation Trust",
    "address": "Windmill Road, Gillingham",
    "postcode": "ME7 5NY"
  },
  {
    "hospital": "Darent Valley Hospital",
    "trust": "Dartford and Gravesham NHS Trust",
    "address": "Darenth Wood Road, Dartford",
    "postcode": "DA2 8DA"
  },
  {
    "hospital": "William Harvey Hospital",
    "trust": "East Kent Hospitals University NHS Foundation Trust",
    "address": "Kennington Road, Willesborough, Ashford",
    "postcode": "TN24 0LZ"
  },
  {
    "hospital": "Kent and Canterbury Hospital",
    "trust": "East Kent Hospitals University NHS Foundation Trust",
    "address": "Ethelbert Road, Canterbury",
    "postcode": "CT1 3NG"
  },
  {
    "hospital": "Queen Elizabeth The Queen Mother Hospital",
    "trust": "East Kent Hospitals University NHS Foundation Trust",
    "address": "St Peters Road, Margate",
    "postcode": "CT9 4AN"
  },
  {
    "hospital": "Bristol Royal Infirmary",
    "trust": "University Hospitals Bristol and Weston NHS Foundation Trust",
    "address": "Upper Maudlin Street, Bristol",
    "postcode": "BS2 8HW"
  },
  {
    "hospital": "Bristol Royal Hospital for Children",
    "trust": "University Hospitals Bristol and Weston NHS Foundation Trust",
    "address": "Upper Maudlin Street, Bristol",
    "postcode": "BS2 8BJ"
  },
  {
    "hospital": "Southmead Hospital",
    "trust": "North Bristol NHS Trust",
    "address": "Southmead Road, Westbury-on-Trym, Bristol",
    "postcode": "BS10 5NB"
  },
  {
    "hospital": "Royal United Hospital Bath",
    "trust": "Royal United Hospitals Bath NHS Foundation Trust",
    "address": "Combe Park, Bath",
    "postcode": "BA1 3NG"
  },
  {
    "hospital": "Gloucestershire Royal Hospital",
    "trust": "Gloucestershire Hospitals NHS Foundation Trust",
    "address": "Great Western Road, Gloucester",
    "postcode": "GL1 3NN"
  },
  {
    "hospital": "Cheltenham General Hospital",
    "trust": "Gloucestershire Hospitals NHS Foundation Trust",
    "address": "Sandford Road, Cheltenham",
    "postcode": "GL53 7AN"
  },
  {
    "hospital": "Great Western Hospital",
    "trust": "Great Western Hospitals NHS Foundation Trust",
    "address": "Marlborough Road, Swindon",
    "postcode": "SN3 6BB"
  },
  {
    "hospital": "Royal Devon and Exeter Hospital",
    "trust": "Royal Devon University Healthcare NHS Foundation Trust",
    "address": "Barrack Road, Exeter",
    "postcode": "EX2 5DW"
  },
  {
    "hospital": "North Devon District Hospital",
    "trust": "Royal Devon University Healthcare NHS Foundation Trust",
    "address": "Raleigh Park, Barnstaple",
    "postcode": "EX31 4JB"
  },
  {
    "hospital": "Derriford Hospital",
    "trust": "University Hospitals Plymouth NHS Trust",
    "address": "Derriford Road, Plymouth",
    "postcode": "PL6 8DH"
  },
  {
    "hospital": "Torbay Hospital",
    "trust": "Torbay and South Devon NHS Foundation Trust",
    "address": "Lowes Bridge, Torquay",
    "postcode": "TQ2 7AA"
  },
  {
    "hospital": "Royal Cornwall Hospital",
    "trust": "Royal Cornwall Hospitals NHS Trust",
    "address": "Treliske, Truro",
    "postcode": "TR1 3LJ"
  },
  {
    "hospital": "Musgrove Park Hospital",
    "trust": "Somerset NHS Foundation Trust",
    "address": "Musgrove Park, Taunton",
    "postcode": "TA1 5DA"
  },
  {
    "hospital": "Yeovil District Hospital",
    "trust": "Yeovil District Hospital NHS Foundation Trust",
    "address": "Higher Kingston, Yeovil",
    "postcode": "BA21 4AT"
  },
  {
    "hospital": "Royal Bournemouth Hospital",
    "trust": "University Hospitals Dorset NHS Foundation Trust",
    "address": "Castle Lane East, Bournemouth",
    "postcode": "BH7 7DW"
  },
  {
    "hospital": "Poole Hospital",
    "trust": "University Hospitals Dorset NHS Foundation Trust",
    "address": "Longfleet Road, Poole",
    "postcode": "BH15 2JB"
  },
  {
    "hospital": "Dorset County Hospital",
    "trust": "Dorset County Hospital NHS Foundation Trust",
    "address": "Williams Avenue, Dorchester",
    "postcode": "DT1 2JY"
  },
  {
    "hospital": "Salisbury District Hospital",
    "trust": "Salisbury NHS Foundation Trust",
    "address": "Odstock Road, Salisbury",
    "postcode": "SP2 8BJ"
  },
  {
    "hospital": "Queen Elizabeth Hospital Birmingham",
    "trust": "University Hospitals Birmingham NHS Foundation Trust",
    "address": "Mindelsohn Way, Edgbaston, Birmingham",
    "postcode": "B15 2TH"
  },
  {
    "hospital": "Nottingham City Hospital",
    "trust": "Nottingham University Hospitals NHS Trust",
    "address": "Hucknall Road, Nottingham",
    "postcode": "NG5 1PB"
  },
  {
    "hospital": "Queen's Medical Centre",
    "trust": "Nottingham University Hospitals NHS Trust",
    "address": "Derby Road, Nottingham",
    "postcode": "NG7 2UH"
  },
  {
    "hospital": "Nottingham Children's Hospital",
    "trust": "Nottingham University Hospitals NHS Trust",
    "address": "Derby Road, Nottingham",
    "postcode": "NG7 2UH"
  },
  {
    "hospital": "Nottingham Treatment Centre",
    "trust": "Nottingham University Hospitals NHS Trust",
    "address": "Lister Road, Nottingham",
    "postcode": "NG7 2FT"
  },
  {
    "hospital": "King's Mill Hospital",
    "trust": "Sherwood Forest Hospitals NHS Foundation Trust",
    "address": "Mansfield Road, Sutton-in-Ashfield",
    "postcode": "NG17 4JL"
  },
  {
    "hospital": "Newark Hospital",
    "trust": "Sherwood Forest Hospitals NHS Foundation Trust",
    "address": "Boundary Road, Newark",
    "postcode": "NG24 4DE"
  },
  {
    "hospital": "Royal Derby Hospital",
    "trust": "University Hospitals of Derby and Burton NHS Foundation Trust",
    "address": "Uttoxeter Road, Derby",
    "postcode": "DE22 3NE"
  },
  {
    "hospital": "Queen's Hospital Burton",
    "trust": "University Hospitals of Derby and Burton NHS Foundation Trust",
    "address": "Belvedere Road, Burton-on-Trent",
    "postcode": "DE13 0RB"
  },
  {
    "hospital": "Chesterfield Royal Hospital",
    "trust": "Chesterfield Royal Hospital NHS Foundation Trust",
    "address": "Chesterfield Road, Calow, Chesterfield",
    "postcode": "S44 5BL"
  },
  {
    "hospital": "Leicester Royal Infirmary",
    "trust": "University Hospitals of Leicester NHS Trust",
    "address": "Infirmary Square, Leicester",
    "postcode": "LE1 5WW"
  },
  {
    "hospital": "Leicester General Hospital",
    "trust": "University Hospitals of Leicester NHS Trust",
    "address": "Gwendolen Road, Leicester",
    "postcode": "LE5 4PW"
  },
  {
    "hospital": "Glenfield Hospital",
    "trust": "University Hospitals of Leicester NHS Trust",
    "address": "Groby Road, Leicester",
    "postcode": "LE3 9QP"
  },
  {
    "hospital": "Lincoln County Hospital",
    "trust": "United Lincolnshire Hospitals NHS Trust",
    "address": "Greetwell Road, Lincoln",
    "postcode": "LN2 5QY"
  },
  {
    "hospital": "Pilgrim Hospital",
    "trust": "United Lincolnshire Hospitals NHS Trust",
    "address": "Sibsey Road, Boston",
    "postcode": "PE21 9QS"
  },
  {
    "hospital": "Grantham and District Hospital",
    "trust": "United Lincolnshire Hospitals NHS Trust",
    "address": "101 Manthorpe Road, Grantham",
    "postcode": "NG31 8DG"
  }
]
